Title,Published Date,Views,Likes,Comments,Engagement Rate
Justin did him dirty 🥲,2025-05-26,2900323,84852,86,0.029285703695760782
Dogs we thought were EXTINCT 😱,2024-11-01,2324575,142075,282,0.0612400116150264
Sorry if you are having dinner right now...,2024-09-05,389781,13044,52,0.03359835394747307
Zakir Khan Roasts Tanmay Bhat 🔥,2025-08-15,297664,13405,38,0.045161658783057404
Justin Bieber’s Roast 🔥,2025-04-26,582804,21261,34,0.036538870700956065
"Your Diwali Kit, Powered by Noice ✨🪔",2025-10-12,2707306,97660,915,0.03641073450876997
Level sabke nikalenge 📈📉,2024-05-30,468400,19827,52,0.042440222032450896
Best of Pakistani Roadies 😂,2024-12-02,853291,43094,97,0.05061696420095841
Stephen Hawking on Epstein Island 🤖,2024-06-21,442152,15625,89,0.03553981436248168
Samay Raina roasting Triggered Insaan 🔥,2024-12-28,2442338,159042,130,0.06517197865324129
Bro did Messi DIRTY 😭,2025-07-09,337039,15197,100,0.04538643895810277
"We watched it twice but, you don't have to 🙃",2024-07-07,1734852,66735,156,0.038557179517330585
Dora is REAL! 🤣,2025-01-06,382467,16586,35,0.0434573440322956
Bro needs to hesitate 💀,2024-10-28,3553185,150086,163,0.04228572393500479
This will ruin your 53 seconds 🫶,2025-05-23,1275359,29562,76,0.02323894683771393
Sunil Pal on Ranveer Allahbadia 🔥,2025-03-02,461646,21399,177,0.04673711025331098
This guy was never single ❤️‍🩹,2025-06-08,314798,7821,17,0.024898506343750595
A world beyond Cocomelon 🍉,2025-10-21,488882,14908,53,0.030602476671262185
“Ye kya tha bc” Moments #1,2025-06-18,368324,12332,51,0.03361985643075119
HONEST WORK FROM HOME!,2021-01-26,1233001,114276,2232,0.09449140754954781
India’s smartest student 😂,2024-09-26,1306871,52407,212,0.04026334657360979
Indian Kids are Savage 🔥,2025-11-28,241749,6283,20,0.026072496680441284
Uncleji goti goti pranaam 🙏🙏🙏,2025-11-25,98159,2585,14,0.026477449851771105
This will ruin your 46 seconds 🫶,2025-06-24,289394,10036,35,0.03480030684810328
Indian TV Serials are Savage 👶,2025-11-20,122757,3094,22,0.025383481186408922
Tinder fails 😂,2024-08-16,250283,6843,11,0.02738500017979647
Meme Reacts with Ravi Shashtri 🏏,2025-08-08,287361,9933,29,0.03466719561805534
BeerBiceps on Tanmay Reacts?!,2025-02-25,258753,12806,32,0.04961488369216975
How to rizz up Tooth fairy 😇,2024-11-02,292985,12644,82,0.043435670768128064
You won't see it coming 😂,2025-11-29,97391,2593,20,0.026829994558018707
ANDAaz apna apna 🐣,2025-11-17,321433,9866,26,0.030774687104311006
INDIA'S FUNNIEST COMEDIAN?,2025-09-22,2555611,104044,2093,0.041530968523769855
COMEDIANS REACT TO UNSEEN CELEBRITY VIDEOS,2025-10-10,2376747,95370,1599,0.04079904171542028
"5 Rupay ka makhhan, Hardik bhai dhakkan 😈",2024-06-12,932900,29686,39,0.031863007825061636
Savage Shankar is Savage,2022-09-25,2113563,155658,973,0.07410756149686572
Blouse Pehno 😌,2025-11-01,336220,8935,24,0.026646243531021355
SALMAN KHAN SECRET REVEALED,2024-09-26,3321963,135154,2911,0.04156126964689252
This guy did WHAT?! 🤣,2025-12-05,191572,4751,23,0.024920134466414716
Wait for Hasta Mithun 🤣,2025-05-15,987924,25965,103,0.026386645126548196
EVERY ENGINEER WILL RELATE,2022-12-27,6021589,373585,3588,0.06263678906016336
INDIA'S WEIRDEST STREET FOOD 2 ft. @ZakirKhan,2023-06-24,7803063,286592,3682,0.037200007227930876
INDIA'S WEIRDEST STREET FOOD (NEW SERIES),2023-06-14,6640277,307420,5209,0.04708071666287415
Ranveer Allahbadia Happy Moments 🥲,2025-03-05,260096,12326,57,0.047609344242125984
Virat Kohli spotted after World Cup 🏆,2024-07-09,478718,15192,43,0.03182458148638656
Funniest Undercover Cop 😂,2025-08-20,64115,1303,15,0.020556811978476176
Tanmay Bhat and Rohan Joshi's Old Days 🥲,2025-03-20,465880,21297,44,0.045807933373400875
INDIA'S BEST COLLEGE FESTIVAL,2024-01-06,3523566,209429,1520,0.059868042772577554
Smoothest transition in TV history 🤡,2024-12-03,609304,27145,77,0.04467720546722162
PAKISTANIS ARE SAVAGE PART 2 ft @ZakirKhan,2021-05-19,13730489,583834,8442,0.04313582713623674
Bro scammed real hard 🤓,2025-10-28,135066,2900,6,0.02151540728236566
Funniest Undercover Cop 😂,2025-08-20,64115,1303,15,0.020556811978476176
Smoothest transition in TV history 🤡,2024-12-03,609304,27145,77,0.04467720546722162
Virat Kohli spotted after World Cup 🏆,2024-07-09,478718,15192,43,0.03182458148638656
PITAI REVIEW 4 Feat. @AnubhavSinghBassi,2022-08-12,10333590,434249,3413,0.04235333509457991
Bro scammed real hard 🤓,2025-10-28,135066,2900,6,0.02151540728236566
BEST KOFFEE EVER,2022-07-23,6826593,328561,4160,0.04873895367718568
Why Does Sunil Pal Hate Me? :(,2020-02-22,6899745,415092,15147,0.062355782713708986
Send this to your best friend 🫶,2024-06-06,436511,11651,17,0.026730139675747003
THIS COMEDIAN SUCKS AT PUBG @sonofabish,2020-03-22,234925,16581,585,0.07307012876449931
PAKISTANIS ARE SAVAGE PT. 7 ft @ZakirKhan,2022-02-02,8236776,434530,6974,0.05360155478308503
Biggest Scam Ever 🤣,2024-10-14,1079735,54226,70,0.05028641286982454
How My Brain Works VS. How It Actually Works 😅,2025-09-14,190982,5525,24,0.029055094197358914
REACTING TO GEMS OF BOLLWOOD,2025-11-10,2335538,94804,1637,0.04129284130679955
IPHONE DESTRUCTION = BEST CONTENT,2020-09-05,5160458,366461,6287,0.07223157324408028
Pakistani Interviewer Needs to Hesitate 🤣,2025-01-27,1072427,35563,204,0.03335145422485633
VIJAY MALLYA EXPOSED,2025-06-11,3827870,130237,2108,0.03457405815766993
Maggi bana dunga maggi 🤣,2025-12-04,90416,3101,34,0.034673066713855956
HOW TO GET A GIRLFRIEND ft. Sahiba and Kullu,2025-02-12,6022840,198839,3799,0.033644924985554985
Every India Dad 🤬,2025-06-30,1005110,29189,53,0.029093333068022406
From Muh me lele to Ukulele 🤣,2025-12-06,186382,4566,28,0.024648302947709543
Tanmay Bhat Said What?! 🫣,2025-02-24,522577,21072,47,0.04041318312899343
ONLINE CLASSES GONE WRONG,2023-10-17,5604401,308239,2352,0.05541912507688154
Arijit Singh Sapphire BTS 😭,2025-07-13,183886,6433,48,0.03524466245391166
EMERGENCY MEETING WITH MODIJI,2020-10-21,1185575,101448,2939,0.08804757185332011
Hesitation needs bro 💀,2024-11-29,1318772,81700,153,0.062067590152050545
Mere Kakode lag gaye! 😶‍🌫️,2025-08-14,216964,10092,36,0.04668055529949669
Mai bl*wjob de riya hu 😭,2025-11-18,177988,5085,29,0.02873227408589343
CLICK HERE TO END YOUR EXAMS,2022-01-31,6953840,413263,4584,0.06008867043245171
INDIA VS PAKISTAN WORLD CUP REVIEW,2024-06-14,3577772,144798,1994,0.04102888613360493
WOULD SHE.......?!? - VLOG 82,2021-10-04,2058889,129293,1781,0.06366248981853806
Bro started his villain arc 💀,2024-07-11,646679,29382,36,0.04549088496765783
How to make her….. 💦,2025-11-15,149716,3996,23,0.026844158272996875
REACTING TO MEMES WITH JEMIMAH RODRIGUES Ft @sahibabalii ,2025-12-09,2057630,91197,1826,0.04520880819194899
India’s Cutest Kids ❤️,2025-09-20,198044,6075,34,0.030846680535638545
India is not for beginners 🙏,2024-10-12,1405692,63005,143,0.04492306991858814
"2 NOOBS, 2 PRO ft. @CarryMinati & @officialscoutop OP",2020-03-05,2989736,118797,1104,0.040104209870035344
NEET Fail toh G*nd Marao 🤝,2025-04-05,1156717,36957,84,0.03202252582092249
Diabolical memes on the internet #2,2025-10-02,151179,4870,47,0.032524358541860976
Men are simple 😂,2025-02-21,302444,16099,35,0.05334541270450067
This guy did WHAT?! 🤣,2024-11-30,4796643,235442,251,0.04913707357416426
She is a Menace 💀,2025-01-14,487210,23054,55,0.04743129246115638
YOUTUBE TAUGHT ME HOW TO FLIRT,2020-04-09,269568,25370,1882,0.10109508547008547
Virat Kohli’s Transformation 🔥,2024-08-30,1536833,72766,88,0.04740528086005441
INDIA'S BEST STREET FOOD #iQOOMemeNights,2024-02-13,3711451,167972,2145,0.045835712232224
Urvashi Rautela’s Monologue 😵‍💫,2025-04-19,426899,10441,54,0.024584269347082098
John Cena's dance in Ambani wedding 🫢,2024-07-26,341118,15403,19,0.04521016187946693
HOW TO TOP YOUR BOARDS,2023-03-14,4023766,278181,3433,0.06998766826897986
T20 WORLD CUP MEME REVIEW,2022-11-09,4459757,243464,5710,0.05587165399370414
IS HE INDIAS NUMBER 1 TOPPER?,2024-01-11,4481514,250333,8919,0.05784920006944082
CHINTU KA BIRTHDAY -  OFFICIAL TRAILER,2020-05-29,642598,75776,2719,0.12215257439332211
"Who came first - Chicken, Egg or This Guy? 😩",2025-12-07,119445,2225,24,0.018828749633722632
bros before gross 🥰,2025-07-25,333021,14161,155,0.04298828001837722
I'M THE WORST TEAM MATE | PubG Mobile Funny Moments,2019-12-03,480912,23631,177,0.04950593871643877
INDIA'S FUNNIEST TV SHOW,2022-08-04,3391789,217742,2545,0.0649471414642833
Bro was flabbergasted 🤨,2025-12-11,72007,2473,17,0.03457997139167025
Virat Kohli's Savage Edit 🔥,2025-12-09,322516,11975,30,0.03722295948108001
CLICK HERE TO FIND YOUR VALENTINE,2023-02-14,4654884,310794,3792,0.06758192040875777
This fact will change you 🤯,2025-12-10,816674,20946,40,0.02569691210936065
Bro fumbled in life 😭,2025-12-12,175927,8033,58,0.045990666583298756
THUGESH EXPOSED ME ft @Thugesh,2025-07-20,2803784,117850,2346,0.042869208184367985
When You Channel Your Inner Kohli 😱,2025-09-18,127756,3665,22,0.028859701305613827
INSANE 1v2 BY @ashishchanchlanivines Feat. @CarryMinati @Mythpat,2020-04-24,3600293,228716,2246,0.06415088994145754
The Most Epic Ending To A PubG Game | PUBG Mobile | Funny Moments,2019-11-29,279132,16024,171,0.05801914506398406
Pankaj Tripathi did what?! 😂,2025-09-26,75487,2023,6,0.026878800323234465
INDIA'S SMARTEST ENGINEERING STUDENT,2024-09-24,3939158,146021,8885,0.03932464755158336
RCB MEMES REVIEW,2025-06-05,2830159,113120,2021,0.04068357996847527
BEST MEMES OF 2024,2024-12-31,4265059,107722,1440,0.025594487672972403
Tanmay Bhat reacts to BeerBiceps 😂,2025-01-30,559490,24955,70,0.04472823464226349
Random Memes on the Internet 😁,2025-03-24,259285,8600,23,0.03325684092793644
MEMES GOT LATENT,2025-02-24,7626783,253678,4574,0.03386119678506652
Babar Azam’s Roast 🔥,2025-03-08,788473,31667,54,0.04023092737481182
KBC... but the contestant is too humble 😏,2025-10-17,835808,20737,89,0.024917205865461926
FUNNIEST MEMES OF 2023 -  2 HOUR SPECIAL EPISODE,2023-12-29,5981521,140956,2059,0.023909470517615838
Bro Can Predict the Future 🤓,2025-09-10,123359,4392,13,0.035708784928541897
KRRISH IN OUR LOBBY + HILARIOUS DIRTY SHAYARI Feat. @CarryisLive  | PUBG MOBILE FUNNY MOMENTS,2019-12-13,273786,16275,266,0.06041579920083569
RISHABH PANT REACTS TO RISHAB PANT MEMES feat. @RishabhPantYoutube17,2024-09-08,5937941,274373,2737,0.04666769171333969
WHAT REALLY HAPPENED AT *THE* WEDDING?  - VLOG 121,2023-05-20,3889952,136864,2596,0.03585134212453007
Naezy Needs to Hesitate 😆,2025-03-11,225879,7568,19,0.033588779833450655
SHE DIDNT SEE THIS COMING  - VLOG 109,2022-08-01,2001404,130832,2383,0.06656077433641584
My thoughts on YouTube Rewind 2019,2019-12-12,838539,75930,1406,0.0922270759022538
Honest Theme Park | Roller Coaster Tycoon | Funny Moments,2019-11-20,288889,19551,625,0.06983997313847187
HOW DID TANMAY BHAT LOSE WEIGHT?!,2024-09-05,3029630,146369,2944,0.049284236028822
I am not the danger I am endangered 🙂,2025-10-07,140169,3905,10,0.027930569526785524
Uppar kya delete kiya? 🤣,2024-08-17,208056,8541,31,0.04120044603376014
Funniest Stump Mic Audio 🤣,2024-10-19,582182,24023,16,0.04129121133940933
Sir sorry sir... 🥲,2025-10-03,272648,6852,46,0.025300020539303424
POOKIE MAHARAJ EXPOSED,2024-08-05,7117129,263858,5571,0.037856416540995676
DAD CAUGHT HIS GF IN HIS BEDROOM! - PITAI REVIEW #4 ft @ZakirKhan,2020-08-19,8088000,455790,5898,0.05708308605341246
CONFRONTING @ashishchanchlanivines ft. @Mythpat @SlayyPointOfficial - VLOG 52,2020-12-05,3607477,319527,4497,0.08982011527724224
P. Diddy’s Childhood 🥺,2025-04-15,481859,14923,36,0.031044351148364978
Solution to ALL Problems 🖐️,2025-06-21,401463,12955,36,0.03235914642196167
INSIDE A CRICKET STADIUM ft Virat Kohli - Vlog 101,2022-03-21,2009922,146540,2833,0.07431780934782543
NEXT @YashrajMukhateOfficial VIDEO SHOULD BE ON THIS GUY,2021-03-02,1494525,163563,4719,0.11259898629999499
MUMMY PAPA PITAI REVIEW #3,2020-07-28,7884707,408808,5482,0.05254348703128728
Hanumankind Reacts to Cardi B from India 🇮🇳,2025-10-13,191604,4633,36,0.024367967265819086
INDIA'S MOST SAVAGE DAD,2023-02-06,4586887,287567,3629,0.06348445034726166
INDIAN GAMERS MEME REVIEW,2024-12-27,5822031,244616,4619,0.04280894416398676
POONAM PANDEY LEAKED FOOTAGE,2024-02-27,5037523,239802,5122,0.04861992689661169
Would You Buy This? 🤨,2025-03-27,965660,37338,109,0.03877865915539631
BANGALORE HOUSE TOUR - VLOG 103,2022-04-06,2025216,159412,3682,0.08053165687018077
ODI WORLD CUP MEME REVIEW,2023-10-31,2766076,163720,1805,0.059841088965017594
RAKHI SAWANT WILL SAVE US FROM KORONA,2020-03-25,1821185,99332,2121,0.05570713573854386
THE KOFFEE WITH KARAN VLOG - VLOG 113,2022-10-09,2757771,134978,1456,0.04947256316786274
If People Treated Other Illnesses Like They Treat Depression,2020-06-14,877851,98176,2211,0.11435539744216273
Star Wars Explained! 😌,2025-05-16,735378,23492,66,0.03203522542148392
Wait for the end 🤣,2024-07-31,812025,41563,59,0.05125704257873834
When She Accepts Your Proposal 💦,2025-02-08,246866,8915,32,0.0362423338977421
I JOINED CID,2023-01-23,6149703,337012,2817,0.05525941659296392
Bro knows everything 😌,2025-05-11,316007,11112,44,0.035303015439531404
India’s Largest State? 🤔,2025-04-04,468105,18521,64,0.039702630820008335
THIS VIDEO PROVES WE'RE READY FOR PMCO @CarryMinati @officialscoutop,2020-03-31,1491782,78335,617,0.05292462303473296
Just watch Kareena Kapoor 🤣,2025-08-04,159983,4767,18,0.0299094278767119
PAKISTANIS ARE SAVAGE!  Pt 5 feat. @ZakirKhan,2021-08-14,9075112,450342,6419,0.05033116946655865
Legend got no chill 💀,2024-06-30,1198766,42250,222,0.035429766943673745
Uncle got the Happiest Wife 👅👅👅,2025-01-16,363501,16394,43,0.04521858261737932
This student did WHAT? 😱,2025-05-27,239780,6404,21,0.02679539577946451
Can't Stop Watching This! 😎,2025-10-10,110900,3459,14,0.03131650135256988
Unexpected Memes on the Internet 😶‍🌫️,2025-04-22,345661,9852,35,0.028603169000841866
How Strong Are Your Lungs? 😤,2025-03-09,765650,32685,80,0.042793704695356885
i need a new pet,2021-07-31,2505324,198141,2916,0.0802518955632086
Indian Cricket commentators 🤣,2024-06-10,220523,5065,18,0.02304974991270752
Funniest Courtroom Drama 🕺,2025-09-29,74083,1343,5,0.01819580740520767
MOST GUTSY ONLINE STUDENT,2022-03-23,4409834,316415,3115,0.07245850977610495
ASIA CUP MEME REVIEW,2022-09-13,3944738,318779,3321,0.08165307810049742
WHAT HAPPENED TO MIA KHALIFA,2025-05-09,3628086,121035,2126,0.03394654922733364
